"Bill period end"|"Billdoc aax id"|"Sales partner aax id"|"Customer aax id"|"Customer id"|"Orderable product name"|"Base product name"|"Country code"|"Billable item id"|"Bill Documentnet amount"|"Amount"|"Amount perCustomer / region"
"31/10/2021"|"313394528"|"2000001090"|"2005006177"|"1001859"|"Toll Italy"|"Toll ASPI"|"IT"|"2021-0000000000320331"|"11293902.56"|"20.16"|"84.67"
"31/10/2021"|"313394528"|"2000001090"|"2005006177"|"1001859"|"Toll Italy"|"Toll AV VENETE"|"IT"|"2021-0000000000320332"|"11293902.56"|"12.54"|"84.67"
"31/10/2021"|"313394528"|"2000001090"|"2005006177"|"1001859"|"Toll Italy"|"Toll ASPI"|"IT"|"2021-0000000000321885"|"11293902.56"|"12.3"|"84.67"
"31/10/2021"|"313394528"|"2000001090"|"2005006177"|"1001859"|"Toll Italy"|"Toll AV VENETE"|"IT"|"2021-0000000000321886"|"11293902.56"|"39.67"|"84.67"
"31/10/2021"|"313394528"|"2000001090"|"2005273016"|"1001919"|"Toll Italy"|"Toll BRENNERO"|"IT"|"2021-0000000000303393"|"11293902.56"|"20.66"|"286.15"
"31/10/2021"|"313394528"|"2000001090"|"2005273016"|"1001919"|"Toll Italy"|"Toll BREBEMI"|"IT"|"2021-0000000000303394"|"11293902.56"|"25.08"|"286.15"
"31/10/2021"|"313394528"|"2000001090"|"2005273016"|"1001919"|"Toll Italy"|"Toll ASPI"|"IT"|"2021-0000000000305021"|"11293902.56"|"31.23"|"286.15"
"31/10/2021"|"313394528"|"2000001090"|"2005273016"|"1001919"|"Toll Italy"|"Toll BRENNERO"|"IT"|"2021-0000000000305022"|"11293902.56"|"46.64"|"286.15"
"31/10/2021"|"313394528"|"2000001090"|"2005273016"|"1001919"|"Toll Italy"|"Toll SATAP"|"IT"|"2021-0000000000305023"|"11293902.56"|"13.85"|"286.15"
"31/10/2021"|"313394528"|"2000001090"|"2005273016"|"1001919"|"Toll Italy"|"Toll AV VENETE"|"IT"|"2021-0000000000305024"|"11293902.56"|"17.05"|"286.15"
"31/10/2021"|"313394528"|"2000001090"|"2005273016"|"1001919"|"Toll Italy"|"Toll CAV"|"IT"|"2021-0000000000305025"|"11293902.56"|"11.39"|"286.15"
"31/10/2021"|"313394528"|"2000001090"|"2005273016"|"1001919"|"Toll Italy"|"Toll ASPI"|"IT"|"2021-0000000000312329"|"11293902.56"|"1.97"|"286.15"
"31/10/2021"|"313394528"|"2000001090"|"2005273016"|"1001919"|"Toll Italy"|"Toll BRENNERO"|"IT"|"2021-0000000000312330"|"11293902.56"|"26.23"|"286.15"
"31/10/2021"|"313394528"|"2000001090"|"2005273016"|"1001919"|"Toll Italy"|"Toll SATAP"|"IT"|"2021-0000000000312331"|"11293902.56"|"19.18"|"286.15"
"31/10/2021"|"313394528"|"2000001090"|"2005273016"|"1001919"|"Toll Italy"|"Toll BRENNERO"|"IT"|"2021-0000000000315746"|"11293902.56"|"26.23"|"286.15"
"31/10/2021"|"313394528"|"2000001090"|"2005273016"|"1001919"|"Toll Italy"|"Toll BRENNERO"|"IT"|"2021-0000000000321301"|"11293902.56"|"26.23"|"286.15"
"31/10/2021"|"313394528"|"2000001090"|"2005273016"|"1001919"|"Toll Italy"|"Toll BREBEMI"|"IT"|"2021-0000000000321302"|"11293902.56"|"20.41"|"286.15"
"31/10/2021"|"313394528"|"2000001090"|"2006176939"|"1002098"|"Toll Italy"|"Toll BRENNERO"|"IT"|"2021-0000000000311040"|"11293902.56"|"27.95"|"109.6"
"31/10/2021"|"313394528"|"2000001090"|"2006176939"|"1002098"|"Toll Italy"|"Toll SATAP"|"IT"|"2021-0000000000312538"|"11293902.56"|"10.82"|"109.6"
"31/10/2021"|"313394528"|"2000001090"|"2006176939"|"1002098"|"Toll Italy"|"Toll ATCN"|"IT"|"2021-0000000000312541"|"11293902.56"|"3.61"|"109.6"
"31/10/2021"|"313394528"|"2000001090"|"2006176939"|"1002098"|"Toll Italy"|"Toll BREBEMI"|"IT"|"2021-0000000000312542"|"11293902.56"|"8.28"|"109.6"
"31/10/2021"|"313394528"|"2000001090"|"2006176939"|"1002098"|"Toll Italy"|"Toll TZ ESTERNA"|"IT"|"2021-0000000000312543"|"11293902.56"|"21.89"|"109.6"
"31/10/2021"|"313394528"|"2000001090"|"2006176939"|"1002098"|"Toll Italy"|"Toll BRENNERO"|"IT"|"2021-0000000000315990"|"11293902.56"|"26.23"|"109.6"
"31/10/2021"|"313394528"|"2000001090"|"2006176939"|"1002098"|"Toll Italy"|"Toll SATAP"|"IT"|"2021-0000000000315991"|"11293902.56"|"10.82"|"109.6"
"31/10/2021"|"313394528"|"2000001090"|"2002974571"|"1001340"|"Toll Italy"|"Toll SATAP"|"IT"|"2021-0000000000303815"|"11293902.56"|"47.13"|"212.54"
"31/10/2021"|"313394528"|"2000001090"|"2002974571"|"1001340"|"Toll Italy"|"Toll ATCN"|"IT"|"2021-0000000000305561"|"11293902.56"|"5.49"|"212.54"
"31/10/2021"|"313394528"|"2000001090"|"2002974571"|"1001340"|"Toll Italy"|"Toll AV VENETE"|"IT"|"2021-0000000000305562"|"11293902.56"|"78.28"|"212.54"
"31/10/2021"|"313394528"|"2000001090"|"2002974571"|"1001340"|"Toll Italy"|"Toll ASPI"|"IT"|"2021-0000000000320209"|"11293902.56"|"30.25"|"212.54"
"31/10/2021"|"313394528"|"2000001090"|"2002974571"|"1001340"|"Toll Italy"|"Toll SATAP"|"IT"|"2021-0000000000321772"|"11293902.56"|"45"|"212.54"
"31/10/2021"|"313394528"|"2000001090"|"2002974571"|"1001340"|"Toll Italy"|"Toll ATCN"|"IT"|"2021-0000000000321773"|"11293902.56"|"6.39"|"212.54"
"31/10/2021"|"313394528"|"2000001090"|"2003354083"|"1001460"|"Toll Italy"|"Toll BRENNERO"|"IT"|"2021-0000000000316466"|"11293902.56"|"32.95"|"120.9"
"31/10/2021"|"313394528"|"2000001090"|"2003354083"|"1001460"|"Toll Italy"|"Toll ASPI"|"IT"|"2021-0000000000318469"|"11293902.56"|"27.87"|"120.9"
"31/10/2021"|"313394528"|"2000001090"|"2003354083"|"1001460"|"Toll Italy"|"Toll BRENNERO"|"IT"|"2021-0000000000318470"|"11293902.56"|"57.54"|"120.9"
"31/10/2021"|"313394528"|"2000001090"|"2003354083"|"1001460"|"Toll Italy"|"Toll BRENNERO"|"IT"|"2021-0000000000320365"|"11293902.56"|"2.54"|"120.9"
"31/10/2021"|"313394528"|"2000001090"|"2003767744"|"1001583"|"Toll Italy"|"Toll BRENNERO"|"IT"|"2021-0000000000307314"|"11293902.56"|"34.51"|"231.48"
"31/10/2021"|"313394528"|"2000001090"|"2003767744"|"1001583"|"Toll Italy"|"Toll BRENNERO"|"IT"|"2021-0000000000307315"|"11293902.56"|"17.38"|"231.48"
"31/10/2021"|"313394528"|"2000001090"|"2003767744"|"1001583"|"Toll Italy"|"Toll ASPI"|"IT"|"2021-0000000000321525"|"11293902.56"|"61.07"|"231.48"
"31/10/2021"|"313394528"|"2000001090"|"2003767744"|"1001583"|"Toll Italy"|"Toll AV VENETE"|"IT"|"2021-0000000000321526"|"11293902.56"|"118.52"|"231.48"
"31/10/2021"|"313394528"|"2000001090"|"2014966257"|"1003243"|"Toll Italy"|"Toll ASPI"|"IT"|"2021-0000000000303836"|"11293902.56"|"11.15"|"58.78"
"31/10/2021"|"313394528"|"2000001090"|"2014966257"|"1003243"|"Toll Italy"|"Toll SATAP"|"IT"|"2021-0000000000303837"|"11293902.56"|"14.1"|"58.78"
"31/10/2021"|"313394528"|"2000001090"|"2014966257"|"1003243"|"Toll Italy"|"Toll ATIVA"|"IT"|"2021-0000000000303838"|"11293902.56"|"1.64"|"58.78"
"31/10/2021"|"313394528"|"2000001090"|"2014966257"|"1003243"|"Toll Italy"|"Toll BRENNERO"|"IT"|"2021-0000000000305594"|"11293902.56"|"31.89"|"58.78"
"31/10/2021"|"313394528"|"2000001090"|"2016022824"|"1003397"|"Toll Italy"|"Toll ASPI"|"IT"|"2021-0000000000305042"|"11293902.56"|"96.89"|"183.22"
"31/10/2021"|"313394528"|"2000001090"|"2016022824"|"1003397"|"Toll Italy"|"Toll ASPI"|"IT"|"2021-0000000000305043"|"11293902.56"|"3.3"|"183.22"
"31/10/2021"|"313394528"|"2000001090"|"2016022824"|"1003397"|"Toll Italy"|"Toll ASPI"|"IT"|"2021-0000000000307050"|"11293902.56"|"50.08"|"183.22"
"31/10/2021"|"313394528"|"2000001090"|"2016022824"|"1003397"|"Toll Italy"|"Toll BRENNERO"|"IT"|"2021-0000000000310793"|"11293902.56"|"32.95"|"183.22"
"31/10/2021"|"313394528"|"2000001090"|"2025308258"|"1004615"|"Toll Italy"|"Toll ASPI"|"IT"|"2021-0000000000312380"|"11293902.56"|"63.36"|"260.33"
"31/10/2021"|"313394528"|"2000001090"|"2025308258"|"1004615"|"Toll Italy"|"Toll ASPI"|"IT"|"2021-0000000000315800"|"11293902.56"|"62.46"|"260.33"
"31/10/2021"|"313394528"|"2000001090"|"2025308258"|"1004615"|"Toll Italy"|"Toll ASPI"|"IT"|"2021-0000000000317776"|"11293902.56"|"36.89"|"260.33"
"31/10/2021"|"313394528"|"2000001090"|"2025308258"|"1004615"|"Toll Italy"|"Toll AV VENETE"|"IT"|"2021-0000000000321352"|"11293902.56"|"97.62"|"260.33"
"31/10/2021"|"313394528"|"2000001090"|"2023650241"|"1004365"|"Toll Italy"|"Toll ATCN"|"IT"|"2021-0000000000303892"|"11293902.56"|"27.05"|"42.48"
"31/10/2021"|"313394528"|"2000001090"|"2023650241"|"1004365"|"Toll Italy"|"Toll ATCN"|"IT"|"2021-0000000000303893"|"11293902.56"|"2.4"|"42.48"
"31/10/2021"|"313394528"|"2000001090"|"2023650241"|"1004365"|"Toll Italy"|"Toll BRENNERO"|"IT"|"2021-0000000000305656"|"11293902.56"|"13.03"|"42.48"
"31/10/2021"|"313394528"|"2000001090"|"2004472862"|"1001740"|"Toll Italy"|"Toll BRENNERO"|"IT"|"2021-0000000000303513"|"11293902.56"|"42.3"|"151.72"
"31/10/2021"|"313394528"|"2000001090"|"2004472862"|"1001740"|"Toll Italy"|"Toll AV PADANA"|"IT"|"2021-0000000000303514"|"11293902.56"|"13.28"|"151.72"
"31/10/2021"|"313394528"|"2000001090"|"2004472862"|"1001740"|"Toll Italy"|"Toll BRENNERO"|"IT"|"2021-0000000000305188"|"11293902.56"|"20.49"|"151.72"
"31/10/2021"|"313394528"|"2000001090"|"2004472862"|"1001740"|"Toll Italy"|"Toll ASPI"|"IT"|"2021-0000000000321440"|"11293902.56"|"37.05"|"151.72"
"31/10/2021"|"313394528"|"2000001090"|"2004472862"|"1001740"|"Toll Italy"|"Toll AV PADANA"|"IT"|"2021-0000000000321441"|"11293902.56"|"14.75"|"151.72"
"31/10/2021"|"313394528"|"2000001090"|"2004472862"|"1001740"|"Toll Italy"|"Toll AV VENETE"|"IT"|"2021-0000000000321442"|"11293902.56"|"23.85"|"151.72"
"31/10/2021"|"313394528"|"2000001090"|"2004476301"|"1001742"|"Toll Italy"|"Toll SATAP"|"IT"|"2021-0000000000318176"|"11293902.56"|"119.84"|"234.76"
"31/10/2021"|"313394528"|"2000001090"|"2004476301"|"1001742"|"Toll Italy"|"Toll ATCN"|"IT"|"2021-0000000000318177"|"11293902.56"|"4.34"|"234.76"
"31/10/2021"|"313394528"|"2000001090"|"2004476301"|"1001742"|"Toll Italy"|"Toll SATAP"|"IT"|"2021-0000000000320083"|"11293902.56"|"32.95"|"234.76"
"31/10/2021"|"313394528"|"2000001090"|"2004476301"|"1001742"|"Toll Italy"|"Toll ATIVA"|"IT"|"2021-0000000000320084"|"11293902.56"|"3.2"|"234.76"
"31/10/2021"|"313394528"|"2000001090"|"2004476301"|"1001742"|"Toll Italy"|"Toll ASPI"|"IT"|"2021-0000000000321704"|"11293902.56"|"74.43"|"234.76"
"31/10/2021"|"313394528"|"2000001090"|"2032562622"|"1005551"|"Toll Italy"|"Toll ASPI"|"IT"|"2021-0000000000311311"|"11293902.56"|"127.46"|"383.53"
"31/10/2021"|"313394528"|"2000001090"|"2032562622"|"1005551"|"Toll Italy"|"Toll CAV"|"IT"|"2021-0000000000314483"|"11293902.56"|"214.92"|"383.53"
"31/10/2021"|"313394528"|"2000001090"|"2030177306"|"1005300"|"Toll Italy"|"Toll ASPI"|"IT"|"2021-0000000000305172"|"11293902.56"|"127.87"|"900.27"
"31/10/2021"|"313394528"|"2000001090"|"2030177306"|"1005300"|"Toll Italy"|"Toll ASPI"|"IT"|"2021-0000000000307187"|"11293902.56"|"89.84"|"900.27"
"31/10/2021"|"313394528"|"2000001090"|"2030177306"|"1005300"|"Toll Italy"|"Toll BRENNERO"|"IT"|"2021-0000000000307188"|"11293902.56"|"134.92"|"900.27"
"31/10/2021"|"313394528"|"2000001090"|"2030177306"|"1005300"|"Toll Italy"|"Toll AV PADANA"|"IT"|"2021-0000000000307189"|"11293902.56"|"11.39"|"900.27"
"31/10/2021"|"313394528"|"2000001090"|"2030177306"|"1005300"|"Toll Italy"|"Toll SATAP"|"IT"|"2021-0000000000307190"|"11293902.56"|"16.48"|"900.27"
"31/10/2021"|"313394528"|"2000001090"|"2030177306"|"1005300"|"Toll Italy"|"Toll ASPI"|"IT"|"2021-0000000000307191"|"11293902.56"|"3.3"|"900.27"
"31/10/2021"|"313394528"|"2000001090"|"2030177306"|"1005300"|"Toll Italy"|"Toll BRENNERO"|"IT"|"2021-0000000000310935"|"11293902.56"|"43.77"|"900.27"
"31/10/2021"|"313394528"|"2000001090"|"2030177306"|"1005300"|"Toll Italy"|"Toll SATAP"|"IT"|"2021-0000000000312426"|"11293902.56"|"80.41"|"900.27"
"31/10/2021"|"313394528"|"2000001090"|"2030177306"|"1005300"|"Toll Italy"|"Toll ASPI"|"IT"|"2021-0000000000315872"|"11293902.56"|"19.18"|"900.27"
"31/10/2021"|"313394528"|"2000001090"|"2030177306"|"1005300"|"Toll Italy"|"Toll BRENNERO"|"IT"|"2021-0000000000315873"|"11293902.56"|"5.98"|"900.27"
"31/10/2021"|"313394528"|"2000001090"|"2030177306"|"1005300"|"Toll Italy"|"Toll BRENNERO"|"IT"|"2021-0000000000315874"|"11293902.56"|"61.72"|"900.27"
"31/10/2021"|"313394528"|"2000001090"|"2030177306"|"1005300"|"Toll Italy"|"Toll SATAP"|"IT"|"2021-0000000000315875"|"11293902.56"|"4.75"|"900.27"
"31/10/2021"|"313394528"|"2000001090"|"2030177306"|"1005300"|"Toll Italy"|"Toll SATAP"|"IT"|"2021-0000000000315876"|"11293902.56"|"39.92"|"900.27"
"31/10/2021"|"313394528"|"2000001090"|"2030177306"|"1005300"|"Toll Italy"|"Toll ATIVA"|"IT"|"2021-0000000000315877"|"11293902.56"|"41.97"|"900.27"
"31/10/2021"|"313394528"|"2000001090"|"2030177306"|"1005300"|"Toll Italy"|"Toll SAV"|"IT"|"2021-0000000000315878"|"11293902.56"|"62.7"|"900.27"
"31/10/2021"|"313394528"|"2000001090"|"2030177306"|"1005300"|"Toll Italy"|"Toll ADF"|"IT"|"2021-0000000000315879"|"11293902.56"|"95.33"|"900.27"
"31/10/2021"|"313394528"|"2000001090"|"2030177306"|"1005300"|"Toll Italy"|"Toll SAV"|"IT"|"2021-0000000000317830"|"11293902.56"|"60.74"|"900.27"
"31/10/2021"|"313394528"|"2000001090"|"2032562622"|"1005551"|"Toll Italy"|"Toll AV VENETE"|"IT"|"2021-0000000000316286"|"11293902.56"|"41.15"|"383.53"
"31/10/2021"|"313394528"|"2000001090"|"2031118038"|"1005412"|"Toll Italy"|"Toll ASPI"|"IT"|"2021-0000000000314338"|"11293902.56"|"113.52"|"211.98"
"31/10/2021"|"313394528"|"2000001090"|"2031118038"|"1005412"|"Toll Italy"|"Toll ADF"|"IT"|"2021-0000000000314339"|"11293902.56"|"93.36"|"211.98"
"31/10/2021"|"313394528"|"2000001090"|"2031118038"|"1005412"|"Toll Italy"|"Toll ADF"|"IT"|"2021-0000000000316035"|"11293902.56"|"3.3"|"211.98"
"31/10/2021"|"313394528"|"2000001090"|"2031118038"|"1005412"|"Toll Italy"|"Toll SAT"|"IT"|"2021-0000000000316038"|"11293902.56"|"1.8"|"211.98"
"31/10/2021"|"313394528"|"2000001090"|"2134415292"|"1015794"|"Toll Italy"|"Toll SALT"|"IT"|"2021-0000000000303846"|"11293902.56"|"102.46"|"205.57"
"31/10/2021"|"313394528"|"2000001090"|"2137171876"|"1016011"|"Toll Italy"|"Toll AV PADANA"|"IT"|"2021-0000000000315993"|"11293902.56"|"69.84"|"215.84"
"31/10/2021"|"313394528"|"2000001090"|"2137171876"|"1016011"|"Toll Italy"|"Toll SAV"|"IT"|"2021-0000000000315994"|"11293902.56"|"89.18"|"215.84"
"31/10/2021"|"313394528"|"2000001090"|"2137171876"|"1016011"|"Toll Italy"|"Toll AV PADANA"|"IT"|"2021-0000000000315995"|"11293902.56"|"3.3"|"215.84"
"31/10/2021"|"313394528"|"2000001090"|"2137171876"|"1016011"|"Toll Italy"|"Toll ASPI"|"IT"|"2021-0000000000321515"|"11293902.56"|"22.62"|"215.84"
"31/10/2021"|"313394528"|"2000001090"|"2137171876"|"1016011"|"Toll Italy"|"Toll BRENNERO"|"IT"|"2021-0000000000321516"|"11293902.56"|"30.9"|"215.84"
"31/10/2021"|"313394528"|"2000001090"|"2134415292"|"1015794"|"Toll Italy"|"Toll ASPI"|"IT"|"2021-0000000000307690"|"11293902.56"|"41.39"|"205.57"
"31/10/2021"|"313394528"|"2000001090"|"2134415292"|"1015794"|"Toll Italy"|"Toll CAV"|"IT"|"2021-0000000000307691"|"11293902.56"|"61.72"|"205.57"
"31/10/2021"|"313394528"|"2000001090"|"2144711036"|"1016618"|"Toll Italy"|"Toll ASPI"|"IT"|"2021-0000000000316465"|"11293902.56"|"58.03"|"58.03"
"31/10/2021"|"313394528"|"2000001090"|"2122798574"|"1014669"|"Toll Italy"|"Toll BRENNERO"|"IT"|"2021-0000000000307279"|"11293902.56"|"66.39"|"124.67"
"31/10/2021"|"313394528"|"2000001090"|"2122798574"|"1014669"|"Toll Italy"|"Toll BRENNERO"|"IT"|"2021-0000000000311017"|"11293902.56"|"21.97"|"124.67"
"31/10/2021"|"313394528"|"2000001090"|"2122798574"|"1014669"|"Toll Italy"|"Toll BRENNERO"|"IT"|"2021-0000000000319878"|"11293902.56"|"36.31"|"124.67"
"31/10/2021"|"313394528"|"2000001090"|"2124600880"|"1014841"|"Toll Italy"|"Toll BRENNERO"|"IT"|"2021-0000000000307072"|"11293902.56"|"2.62"|"89.92"
"31/10/2021"|"313394528"|"2000001090"|"2124600880"|"1014841"|"Toll Italy"|"Toll ASPI"|"IT"|"2021-0000000000310814"|"11293902.56"|"23.2"|"89.92"
"31/10/2021"|"313394528"|"2000001090"|"2124600880"|"1014841"|"Toll Italy"|"Toll AV VENETE"|"IT"|"2021-0000000000310815"|"11293902.56"|"22.13"|"89.92"
"31/10/2021"|"313394528"|"2000001090"|"2124600880"|"1014841"|"Toll Italy"|"Toll AV VENETE"|"IT"|"2021-0000000000319725"|"11293902.56"|"19.84"|"89.92"
"31/10/2021"|"313394528"|"2000001090"|"2124600880"|"1014841"|"Toll Italy"|"Toll AV VENETE"|"IT"|"2021-0000000000321331"|"11293902.56"|"22.13"|"89.92"
"31/10/2021"|"313394528"|"2000001090"|"2114803607"|"1013921"|"Toll Italy"|"Toll ASPI"|"IT"|"2021-0000000000305279"|"11293902.56"|"18.93"|"18.93"
"31/10/2021"|"313394528"|"2000001090"|"2219480639"|"1021572"|"Toll Italy"|"Toll SATAP"|"IT"|"2021-0000000000312373"|"11293902.56"|"81.64"|"234.42"
"31/10/2021"|"313394528"|"2000001090"|"2219480639"|"1021572"|"Toll Italy"|"Toll ADF"|"IT"|"2021-0000000000312374"|"11293902.56"|"22.62"|"234.42"
"31/10/2021"|"313394528"|"2000001090"|"2219480639"|"1021572"|"Toll Italy"|"Toll ATIVA"|"IT"|"2021-0000000000312375"|"11293902.56"|"8.03"|"234.42"
"31/10/2021"|"313394528"|"2000001090"|"2219480639"|"1021572"|"Toll Italy"|"Toll BRENNERO"|"IT"|"2021-0000000000314190"|"11293902.56"|"89.18"|"234.42"
"31/10/2021"|"313394528"|"2000001090"|"2219480639"|"1021572"|"Toll Italy"|"Toll BRENNERO"|"IT"|"2021-0000000000321337"|"11293902.56"|"32.95"|"234.42"
"31/10/2021"|"313394528"|"2000001090"|"2286465431"|"1026089"|"Toll Italy"|"Toll AV VENETE"|"IT"|"2021-0000000000307138"|"11293902.56"|"6.48"|"52.14"
"31/10/2021"|"313394528"|"2000001090"|"2286465431"|"1026089"|"Toll Italy"|"Toll AV VENETE"|"IT"|"2021-0000000000307139"|"11293902.56"|"6.48"|"52.14"
"31/10/2021"|"313394528"|"2000001090"|"2286465431"|"1026089"|"Toll Italy"|"Toll ASPI"|"IT"|"2021-0000000000315824"|"11293902.56"|"5.74"|"52.14"
"31/10/2021"|"313394528"|"2000001090"|"2286465431"|"1026089"|"Toll Italy"|"Toll AV VENETE"|"IT"|"2021-0000000000315825"|"11293902.56"|"33.44"|"52.14"
"31/10/2021"|"313394528"|"2000001090"|"2264760861"|"1024732"|"Toll Italy"|"Toll ASPI"|"IT"|"2021-0000000000303848"|"11293902.56"|"15"|"419.34"
"31/10/2021"|"313394528"|"2000001090"|"2264760861"|"1024732"|"Toll Italy"|"Toll AV VENETE"|"IT"|"2021-0000000000303851"|"11293902.56"|"37.13"|"419.34"
"31/10/2021"|"313394528"|"2000001090"|"2264760861"|"1024732"|"Toll Italy"|"Toll ASPI"|"IT"|"2021-0000000000305598"|"11293902.56"|"17.7"|"419.34"
"31/10/2021"|"313394528"|"2000001090"|"2264760861"|"1024732"|"Toll Italy"|"Toll AV VENETE"|"IT"|"2021-0000000000305602"|"11293902.56"|"22.7"|"419.34"
"31/10/2021"|"313394528"|"2000001090"|"2264760861"|"1024732"|"Toll Italy"|"Toll AV VENETE"|"IT"|"2021-0000000000311357"|"11293902.56"|"31.23"|"419.34"
"31/10/2021"|"313394528"|"2000001090"|"2264760861"|"1024732"|"Toll Italy"|"Toll ASPI"|"IT"|"2021-0000000000312746"|"11293902.56"|"96.48"|"419.34"
"31/10/2021"|"313394528"|"2000001090"|"2264760861"|"1024732"|"Toll Italy"|"Toll AV VENETE"|"IT"|"2021-0000000000312750"|"11293902.56"|"8.52"|"419.34"
"31/10/2021"|"313394528"|"2000001090"|"2264760861"|"1024732"|"Toll Italy"|"Toll BRENNERO"|"IT"|"2021-0000000000316337"|"11293902.56"|"30.9"|"419.34"
"31/10/2021"|"313394528"|"2000001090"|"2264760861"|"1024732"|"Toll Italy"|"Toll AV VENETE"|"IT"|"2021-0000000000316342"|"11293902.56"|"29.84"|"419.34"
"31/10/2021"|"313394528"|"2000001090"|"2264760861"|"1024732"|"Toll Italy"|"Toll ASPI"|"IT"|"2021-0000000000318365"|"11293902.56"|"15"|"419.34"
"31/10/2021"|"313394528"|"2000001090"|"2264760861"|"1024732"|"Toll Italy"|"Toll AV VENETE"|"IT"|"2021-0000000000318369"|"11293902.56"|"13.2"|"419.34"
"31/10/2021"|"313394528"|"2000001090"|"2264760861"|"1024732"|"Toll Italy"|"Toll AV VENETE"|"IT"|"2021-0000000000320259"|"11293902.56"|"27.13"|"419.34"
"31/10/2021"|"313394528"|"2000001090"|"2264760861"|"1024732"|"Toll Italy"|"Toll ASPI"|"IT"|"2021-0000000000321812"|"11293902.56"|"43.61"|"419.34"
"31/10/2021"|"313394528"|"2000001090"|"2264760861"|"1024732"|"Toll Italy"|"Toll BRENNERO"|"IT"|"2021-0000000000321813"|"11293902.56"|"30.9"|"419.34"
"31/10/2021"|"313394528"|"2000001090"|"2286070350"|"1026044"|"Toll Italy"|"Toll ASPI"|"IT"|"2021-0000000000303576"|"11293902.56"|"11.23"|"156.15"
"31/10/2021"|"313394528"|"2000001090"|"2286070350"|"1026044"|"Toll Italy"|"Toll ASPI"|"IT"|"2021-0000000000305270"|"11293902.56"|"41.64"|"156.15"
"31/10/2021"|"313394528"|"2000001090"|"2286070350"|"1026044"|"Toll Italy"|"Toll AV VENETE"|"IT"|"2021-0000000000312461"|"11293902.56"|"22.05"|"156.15"
"31/10/2021"|"313394528"|"2000001090"|"2286070350"|"1026044"|"Toll Italy"|"Toll ASPI"|"IT"|"2021-0000000000315948"|"11293902.56"|"12.3"|"156.15"
"31/10/2021"|"313394528"|"2000001090"|"2286070350"|"1026044"|"Toll Italy"|"Toll CAV"|"IT"|"2021-0000000000319841"|"11293902.56"|"27.54"|"156.15"
"31/10/2021"|"313394528"|"2000001090"|"2286070350"|"1026044"|"Toll Italy"|"Toll ASPI"|"IT"|"2021-0000000000321472"|"11293902.56"|"41.39"|"156.15"
"31/10/2021"|"313394528"|"2000001090"|"2265671570"|"1024781"|"Toll Italy"|"Toll ASPI"|"IT"|"2021-0000000000311363"|"11293902.56"|"74.43"|"196.48"
"31/10/2021"|"313394528"|"2000001090"|"2265671570"|"1024781"|"Toll Italy"|"Toll SAV"|"IT"|"2021-0000000000312757"|"11293902.56"|"73.61"|"196.48"
"31/10/2021"|"313394528"|"2000001090"|"2265671570"|"1024781"|"Toll Italy"|"Toll ASPI"|"IT"|"2021-0000000000320262"|"11293902.56"|"4.75"|"196.48"
"31/10/2021"|"313394528"|"2000001090"|"2265671570"|"1024781"|"Toll Italy"|"Toll ASPI"|"IT"|"2021-0000000000321819"|"11293902.56"|"19.84"|"196.48"
"31/10/2021"|"313394528"|"2000001090"|"2265671570"|"1024781"|"Toll Italy"|"Toll AV VENETE"|"IT"|"2021-0000000000321820"|"11293902.56"|"23.85"|"196.48"
"31/10/2021"|"313447368"|"2000003572"|"2185287611"|"1019169"|"Toll Italy"|"Toll SATAP"|"IT"|"2021-0000000000013185"|"6155.72"|"73.77"|"163.93"
"31/10/2021"|"313447368"|"2000003572"|"2185287611"|"1019169"|"Toll Italy"|"Toll ASPI"|"IT"|"2021-0000000000013432"|"6155.72"|"87.62"|"163.93"
"31/10/2021"|"313447368"|"2000003572"|"2185287611"|"1019169"|"Toll Italy"|"Toll SATAP"|"IT"|"2021-0000000000013433"|"6155.72"|"2.54"|"163.93"
"31/10/2021"|"313394528"|"2000001090"|"2195480353"|"1019933"|"Toll Italy"|"Toll AV VENETE"|"IT"|"2021-0000000000307264"|"11293902.56"|"35.98"|"274.35"
"31/10/2021"|"313394528"|"2000001090"|"2195480353"|"1019933"|"Toll Italy"|"Toll BRENNERO"|"IT"|"2021-0000000000312491"|"11293902.56"|"38.93"|"274.35"
"31/10/2021"|"313394528"|"2000001090"|"2195480353"|"1019933"|"Toll Italy"|"Toll ASPI"|"IT"|"2021-0000000000315960"|"11293902.56"|"47.13"|"274.35"
"31/10/2021"|"313394528"|"2000001090"|"2195480353"|"1019933"|"Toll Italy"|"Toll AV PADANA"|"IT"|"2021-0000000000315961"|"11293902.56"|"11.8"|"274.35"
"31/10/2021"|"313394528"|"2000001090"|"2195480353"|"1019933"|"Toll Italy"|"Toll AV VENETE"|"IT"|"2021-0000000000319857"|"11293902.56"|"35.98"|"274.35"
"31/10/2021"|"313394528"|"2000001090"|"2195480353"|"1019933"|"Toll Italy"|"Toll ADF"|"IT"|"2021-0000000000321475"|"11293902.56"|"101.23"|"274.35"
"31/10/2021"|"313394528"|"2000001090"|"2195480353"|"1019933"|"Toll Italy"|"Toll ADF"|"IT"|"2021-0000000000321476"|"11293902.56"|"3.3"|"274.35"
"31/10/2021"|"313394528"|"2000001090"|"2179110052"|"1018732"|"Toll Italy"|"Toll ASPI"|"IT"|"2021-0000000000307221"|"11293902.56"|"20.08"|"93.6"
"31/10/2021"|"313394528"|"2000001090"|"2179110052"|"1018732"|"Toll Italy"|"Toll AV VENETE"|"IT"|"2021-0000000000307222"|"11293902.56"|"17.62"|"93.6"
"31/10/2021"|"313394528"|"2000001090"|"2179110052"|"1018732"|"Toll Italy"|"Toll AV VENETE"|"IT"|"2021-0000000000307223"|"11293902.56"|"22.38"|"93.6"
"31/10/2021"|"313394528"|"2000001090"|"2179110052"|"1018732"|"Toll Italy"|"Toll AV VENETE"|"IT"|"2021-0000000000315918"|"11293902.56"|"17.7"|"93.6"
"31/10/2021"|"313394528"|"2000001090"|"2179110052"|"1018732"|"Toll Italy"|"Toll ASPI"|"IT"|"2021-0000000000317863"|"11293902.56"|"5.57"|"93.6"
"31/10/2021"|"313394528"|"2000001090"|"2179110052"|"1018732"|"Toll Italy"|"Toll AV VENETE"|"IT"|"2021-0000000000317864"|"11293902.56"|"10.25"|"93.6"
"31/10/2021"|"313394528"|"2000001090"|"2183905774"|"1019026"|"Toll Italy"|"Toll BRENNERO"|"IT"|"2021-0000000000307090"|"11293902.56"|"12.87"|"12.87"
"31/10/2021"|"313394528"|"2000001090"|"2184909016"|"1019124"|"Toll Italy"|"Toll SATAP"|"IT"|"2021-0000000000303897"|"11293902.56"|"35.57"|"70.9"
"31/10/2021"|"313394528"|"2000001090"|"2184909016"|"1019124"|"Toll Italy"|"Toll ATIVA"|"IT"|"2021-0000000000303898"|"11293902.56"|"5.49"|"70.9"
"31/10/2021"|"313394528"|"2000001090"|"2184909016"|"1019124"|"Toll Italy"|"Toll SITAF"|"IT"|"2021-0000000000303899"|"11293902.56"|"29.84"|"70.9"
"31/10/2021"|"313394528"|"2000001090"|"2292149719"|"1026393"|"Toll Italy"|"Toll BRENNERO"|"IT"|"2021-0000000000312500"|"11293902.56"|"30.9"|"271.47"
"31/10/2021"|"313394528"|"2000001090"|"2292149719"|"1026393"|"Toll Italy"|"Toll SATAP"|"IT"|"2021-0000000000312501"|"11293902.56"|"20.25"|"271.47"
"31/10/2021"|"313394528"|"2000001090"|"2292149719"|"1026393"|"Toll Italy"|"Toll ASPI"|"IT"|"2021-0000000000315964"|"11293902.56"|"74.43"|"271.47"
"31/10/2021"|"313394528"|"2000001090"|"2292149719"|"1026393"|"Toll Italy"|"Toll SATAP"|"IT"|"2021-0000000000315965"|"11293902.56"|"25.82"|"271.47"
"31/10/2021"|"313394528"|"2000001090"|"2292149719"|"1026393"|"Toll Italy"|"Toll SATAP"|"IT"|"2021-0000000000315966"|"11293902.56"|"32.95"|"271.47"
"31/10/2021"|"313394528"|"2000001090"|"2292149719"|"1026393"|"Toll Italy"|"Toll ATIVA"|"IT"|"2021-0000000000315967"|"11293902.56"|"7.21"|"271.47"
"31/10/2021"|"313394528"|"2000001090"|"2292149719"|"1026393"|"Toll Italy"|"Toll ASPI"|"IT"|"2021-0000000000319866"|"11293902.56"|"18.11"|"271.47"
"31/10/2021"|"313394528"|"2000001090"|"2292149719"|"1026393"|"Toll Italy"|"Toll BRENNERO"|"IT"|"2021-0000000000319867"|"11293902.56"|"30.9"|"271.47"
"31/10/2021"|"313394528"|"2000001090"|"2292149719"|"1026393"|"Toll Italy"|"Toll BRENNERO"|"IT"|"2021-0000000000321485"|"11293902.56"|"30.9"|"271.47"
"31/10/2021"|"313394528"|"2000001090"|"2318105537"|"1028094"|"Toll Italy"|"Toll ASPI"|"IT"|"2021-0000000000321272"|"11293902.56"|"74.43"|"107.38"
"31/10/2021"|"313394528"|"2000001090"|"2318105537"|"1028094"|"Toll Italy"|"Toll SATAP"|"IT"|"2021-0000000000321273"|"11293902.56"|"32.95"|"107.38"
"31/10/2021"|"313394528"|"2000001090"|"2430853596"|"1033950"|"Toll Italy"|"Toll ASPI"|"IT"|"2021-0000000000303895"|"11293902.56"|"22.87"|"237.22"
"31/10/2021"|"313394528"|"2000001090"|"2430853596"|"1033950"|"Toll Italy"|"Toll ASPI"|"IT"|"2021-0000000000307787"|"11293902.56"|"45.74"|"237.22"
"31/10/2021"|"313394528"|"2000001090"|"2430853596"|"1033950"|"Toll Italy"|"Toll AV VENETE"|"IT"|"2021-0000000000307788"|"11293902.56"|"22.87"|"237.22"
"31/10/2021"|"313394528"|"2000001090"|"2430853596"|"1033950"|"Toll Italy"|"Toll ASPI"|"IT"|"2021-0000000000312787"|"11293902.56"|"53.77"|"237.22"
"31/10/2021"|"313394528"|"2000001090"|"2430853596"|"1033950"|"Toll Italy"|"Toll AV VENETE"|"IT"|"2021-0000000000312788"|"11293902.56"|"26.89"|"237.22"
"31/10/2021"|"313394528"|"2000001090"|"2430853596"|"1033950"|"Toll Italy"|"Toll ASPI"|"IT"|"2021-0000000000321892"|"11293902.56"|"42.21"|"237.22"
"31/10/2021"|"313394528"|"2000001090"|"2430853596"|"1033950"|"Toll Italy"|"Toll AV VENETE"|"IT"|"2021-0000000000321893"|"11293902.56"|"22.87"|"237.22"
"31/10/2021"|"313394528"|"2000001090"|"2434021338"|"1034132"|"Toll Italy"|"Toll BRENNERO"|"IT"|"2021-0000000000303619"|"11293902.56"|"44.02"|"44.02"
"31/10/2021"|"313394528"|"2000001090"|"2452478056"|"1035118"|"Toll Italy"|"Toll SATAP"|"IT"|"2021-0000000000312567"|"11293902.56"|"101.07"|"210.99"
"31/10/2021"|"313394528"|"2000001090"|"2452478056"|"1035118"|"Toll Italy"|"Toll ATCN"|"IT"|"2021-0000000000312568"|"11293902.56"|"21.64"|"210.99"
"31/10/2021"|"313394528"|"2000001090"|"2452478056"|"1035118"|"Toll Italy"|"Toll ADF"|"IT"|"2021-0000000000312569"|"11293902.56"|"21.64"|"210.99"
"31/10/2021"|"313394528"|"2000001090"|"2452478056"|"1035118"|"Toll Italy"|"Toll ATIVA"|"IT"|"2021-0000000000312570"|"11293902.56"|"2.79"|"210.99"
"31/10/2021"|"313394528"|"2000001090"|"2452478056"|"1035118"|"Toll Italy"|"Toll BRENNERO"|"IT"|"2021-0000000000316043"|"11293902.56"|"30.9"|"210.99"
"31/10/2021"|"313394528"|"2000001090"|"2452478056"|"1035118"|"Toll Italy"|"Toll SATAP"|"IT"|"2021-0000000000316044"|"11293902.56"|"32.95"|"210.99"
"31/10/2021"|"313394528"|"2000001090"|"2454538040"|"1035167"|"Toll Italy"|"Toll ASPI"|"IT"|"2021-0000000000312583"|"11293902.56"|"2.13"|"237.45"
"31/10/2021"|"313394528"|"2000001090"|"2454538040"|"1035167"|"Toll Italy"|"Toll BRENNERO"|"IT"|"2021-0000000000312584"|"11293902.56"|"47.54"|"237.45"
"31/10/2021"|"313394528"|"2000001090"|"2454538040"|"1035167"|"Toll Italy"|"Toll ASPI"|"IT"|"2021-0000000000318031"|"11293902.56"|"19.18"|"237.45"
"31/10/2021"|"313394528"|"2000001090"|"2454538040"|"1035167"|"Toll Italy"|"Toll BRENNERO"|"IT"|"2021-0000000000318032"|"11293902.56"|"30.9"|"237.45"
"31/10/2021"|"313394528"|"2000001090"|"2454538040"|"1035167"|"Toll Italy"|"Toll SATAP"|"IT"|"2021-0000000000318033"|"11293902.56"|"32.95"|"237.45"
"31/10/2021"|"313394528"|"2000001090"|"2454538040"|"1035167"|"Toll Italy"|"Toll BRENNERO"|"IT"|"2021-0000000000319942"|"11293902.56"|"18.03"|"237.45"
"31/10/2021"|"313394528"|"2000001090"|"2454538040"|"1035167"|"Toll Italy"|"Toll AV PADANA"|"IT"|"2021-0000000000319943"|"11293902.56"|"56.39"|"237.45"
"31/10/2021"|"313394528"|"2000001090"|"2454538040"|"1035167"|"Toll Italy"|"Toll ADF"|"IT"|"2021-0000000000319944"|"11293902.56"|"18.77"|"237.45"
"31/10/2021"|"313394528"|"2000001090"|"2454538040"|"1035167"|"Toll Italy"|"Toll BRENNERO"|"IT"|"2021-0000000000321570"|"11293902.56"|"11.56"|"237.45"
"31/10/2021"|"313394528"|"2000001090"|"2386098310"|"1031843"|"Toll Italy"|"Toll ASPI"|"IT"|"2021-0000000000303509"|"11293902.56"|"233.11"|"929.66"
"31/10/2021"|"313394528"|"2000001090"|"2386098310"|"1031843"|"Toll Italy"|"Toll ASPI"|"IT"|"2021-0000000000305177"|"11293902.56"|"35.98"|"929.66"
"31/10/2021"|"313394528"|"2000001090"|"2386098310"|"1031843"|"Toll Italy"|"Toll ASPI"|"IT"|"2021-0000000000305178"|"11293902.56"|"226.48"|"929.66"
"31/10/2021"|"313394528"|"2000001090"|"2386098310"|"1031843"|"Toll Italy"|"Toll ASPI"|"IT"|"2021-0000000000312437"|"11293902.56"|"41.15"|"929.66"
"31/10/2021"|"313394528"|"2000001090"|"2386098310"|"1031843"|"Toll Italy"|"Toll ASPI"|"IT"|"2021-0000000000314241"|"11293902.56"|"155.16"|"929.66"
"31/10/2021"|"313394528"|"2000001090"|"2386098310"|"1031843"|"Toll Italy"|"Toll ASPI"|"IT"|"2021-0000000000314242"|"11293902.56"|"87.95"|"929.66"
"31/10/2021"|"313394528"|"2000001090"|"2386098310"|"1031843"|"Toll Italy"|"Toll ASPI"|"IT"|"2021-0000000000315889"|"11293902.56"|"1.8"|"929.66"
"31/10/2021"|"313394528"|"2000001090"|"2386098310"|"1031843"|"Toll Italy"|"Toll ASPI"|"IT"|"2021-0000000000317840"|"11293902.56"|"148.03"|"929.66"
"31/10/2021"|"313394528"|"2000001090"|"2386098555"|"1031844"|"Toll Italy"|"Toll ATIVA"|"IT"|"2021-0000000000303546"|"11293902.56"|"52.7"|"155.98"
"31/10/2021"|"313394528"|"2000001090"|"2386098555"|"1031844"|"Toll Italy"|"Toll SATAP"|"IT"|"2021-0000000000305218"|"11293902.56"|"23.2"|"155.98"
"31/10/2021"|"313394528"|"2000001090"|"2386098555"|"1031844"|"Toll Italy"|"Toll SATAP"|"IT"|"2021-0000000000305219"|"11293902.56"|"20.41"|"155.98"
"31/10/2021"|"313394528"|"2000001090"|"2386098555"|"1031844"|"Toll Italy"|"Toll SAV"|"IT"|"2021-0000000000305220"|"11293902.56"|"59.67"|"155.98"
"31/10/2021"|"313446559"|"2000002209"|"2444634229"|"1034676"|"Toll Italy"|"Toll ASPI"|"IT"|"2021-0000000000000834"|"3229678.49"|"42.87"|"139.92"
"31/10/2021"|"313446559"|"2000002209"|"2444634229"|"1034676"|"Toll Italy"|"Toll ASPI"|"IT"|"2021-0000000000000979"|"3229678.49"|"31.31"|"139.92"
"31/10/2021"|"313446559"|"2000002209"|"2444634229"|"1034676"|"Toll Italy"|"Toll AV VENETE"|"IT"|"2021-0000000000000980"|"3229678.49"|"48.2"|"139.92"
"31/10/2021"|"313446559"|"2000002209"|"2444634229"|"1034676"|"Toll Italy"|"Toll BREBEMI"|"IT"|"2021-0000000000000981"|"3229678.49"|"17.54"|"139.92"
"31/10/2021"|"313394528"|"2000001090"|"2432389935"|"1034024"|"Toll Italy"|"Toll ASPI"|"IT"|"2021-0000000000303610"|"11293902.56"|"35.66"|"116.72"
"31/10/2021"|"313394528"|"2000001090"|"2432389935"|"1034024"|"Toll Italy"|"Toll ATCN"|"IT"|"2021-0000000000303611"|"11293902.56"|"6.39"|"116.72"
"31/10/2021"|"313394528"|"2000001090"|"2432389935"|"1034024"|"Toll Italy"|"Toll AV VENETE"|"IT"|"2021-0000000000303612"|"11293902.56"|"44.26"|"116.72"
"31/10/2021"|"313394528"|"2000001090"|"2432389935"|"1034024"|"Toll Italy"|"Toll ASPI"|"IT"|"2021-0000000000305303"|"11293902.56"|"30.41"|"116.72"
"31/10/2021"|"313394528"|"2000001090"|"2404074829"|"1032705"|"Toll Italy"|"Toll ASPI"|"IT"|"2021-0000000000311003"|"11293902.56"|"60.33"|"150.33"
"31/10/2021"|"313394528"|"2000001090"|"2404074829"|"1032705"|"Toll Italy"|"Toll ASPI"|"IT"|"2021-0000000000312478"|"11293902.56"|"69.75"|"150.33"
"31/10/2021"|"313394528"|"2000001090"|"2404074829"|"1032705"|"Toll Italy"|"Toll SATAP"|"IT"|"2021-0000000000312479"|"11293902.56"|"18.61"|"150.33"
"31/10/2021"|"313394528"|"2000001090"|"2404074829"|"1032705"|"Toll Italy"|"Toll ATCN"|"IT"|"2021-0000000000312480"|"11293902.56"|"1.64"|"150.33"
"31/10/2021"|"313446559"|"2000002209"|"2519002732"|"1039174"|"Toll Italy"|"Toll ASPI"|"IT"|"2021-0000000000001096"|"3229678.49"|"54.02"|"54.02"
"31/10/2021"|"313446559"|"2000002209"|"2519334218"|"1039199"|"Toll Italy"|"Toll ASPI"|"IT"|"2021-0000000000000908"|"3229678.49"|"28.69"|"193.29"
"31/10/2021"|"313446559"|"2000002209"|"2519334218"|"1039199"|"Toll Italy"|"Toll ASPI"|"IT"|"2021-0000000000001042"|"3229678.49"|"72.3"|"193.29"
"31/10/2021"|"313446559"|"2000002209"|"2519334218"|"1039199"|"Toll Italy"|"Toll SATAP"|"IT"|"2021-0000000000001043"|"3229678.49"|"3.44"|"193.29"
"31/10/2021"|"313446559"|"2000002209"|"2519334218"|"1039199"|"Toll Italy"|"Toll ATCN"|"IT"|"2021-0000000000001044"|"3229678.49"|"10.82"|"193.29"
"31/10/2021"|"313446559"|"2000002209"|"2519334218"|"1039199"|"Toll Italy"|"Toll ASPI"|"IT"|"2021-0000000000001100"|"3229678.49"|"25.9"|"193.29"
"31/10/2021"|"313446559"|"2000002209"|"2519334218"|"1039199"|"Toll Italy"|"Toll ATCN"|"IT"|"2021-0000000000001164"|"3229678.49"|"1.89"|"193.29"
"31/10/2021"|"313446559"|"2000002209"|"2519334218"|"1039199"|"Toll Italy"|"Toll ASPI"|"IT"|"2021-0000000000001254"|"3229678.49"|"50.25"|"193.29"
"31/10/2021"|"313446559"|"2000002209"|"2519368968"|"1039210"|"Toll Italy"|"Toll ASPI"|"IT"|"2021-0000000000001039"|"3229678.49"|"70.41"|"131.97"
"31/10/2021"|"313446559"|"2000002209"|"2519368968"|"1039210"|"Toll Italy"|"Toll AV VENETE"|"IT"|"2021-0000000000001040"|"3229678.49"|"4.92"|"131.97"
"31/10/2021"|"313446559"|"2000002209"|"2519368968"|"1039210"|"Toll Italy"|"Toll AV VENETE"|"IT"|"2021-0000000000001099"|"3229678.49"|"56.64"|"131.97"
"31/10/2021"|"313446559"|"2000002209"|"2498483120"|"1038136"|"Toll Italy"|"Toll SAT"|"IT"|"2021-0000000000001148"|"3229678.49"|"4.59"|"4.59"
"31/10/2021"|"313446559"|"2000002209"|"2519940848"|"1039226"|"Toll Italy"|"Toll ASPI"|"IT"|"2021-0000000000000878"|"3229678.49"|"135.41"|"193.52"
"31/10/2021"|"313446559"|"2000002209"|"2519940848"|"1039226"|"Toll Italy"|"Toll ASPI"|"IT"|"2021-0000000000000910"|"3229678.49"|"6.8"|"193.52"
"31/10/2021"|"313446559"|"2000002209"|"2519940848"|"1039226"|"Toll Italy"|"Toll AV VENETE"|"IT"|"2021-0000000000000911"|"3229678.49"|"51.31"|"193.52"
"31/10/2021"|"313394528"|"2000001090"|"2520976453"|"1039301"|"Toll Italy"|"Toll ASPI"|"IT"|"2021-0000000000311418"|"11293902.56"|"74.02"|"161.89"
"31/10/2021"|"313446559"|"2000002209"|"2479150428"|"1036579"|"Toll Italy"|"Toll ASPI"|"IT"|"2021-0000000000001134"|"3229678.49"|"23.77"|"51.47"
"31/10/2021"|"313446559"|"2000002209"|"2479150428"|"1036579"|"Toll Italy"|"Toll ASPI"|"IT"|"2021-0000000000001205"|"3229678.49"|"27.7"|"51.47"
"31/10/2021"|"313394528"|"2000001090"|"2520976453"|"1039301"|"Toll Italy"|"Toll ASPI"|"IT"|"2021-0000000000312781"|"11293902.56"|"28.03"|"161.89"
"31/10/2021"|"313394528"|"2000001090"|"2520976453"|"1039301"|"Toll Italy"|"Toll ASPI"|"IT"|"2021-0000000000316423"|"11293902.56"|"54.51"|"161.89"
"31/10/2021"|"313394528"|"2000001090"|"2520976453"|"1039301"|"Toll Italy"|"Toll ASPI"|"IT"|"2021-0000000000321890"|"11293902.56"|"5.33"|"161.89"
"31/10/2021"|"313446559"|"2000002209"|"2521141591"|"1039322"|"Toll Italy"|"Toll ASPI"|"IT"|"2021-0000000000001047"|"3229678.49"|"49.59"|"95.08"
"31/10/2021"|"313446559"|"2000002209"|"2521141591"|"1039322"|"Toll Italy"|"Toll ASPI"|"IT"|"2021-0000000000001107"|"3229678.49"|"27.7"|"95.08"
"31/10/2021"|"313446559"|"2000002209"|"2521141591"|"1039322"|"Toll Italy"|"Toll ASPI"|"IT"|"2021-0000000000001166"|"3229678.49"|"17.79"|"95.08"
"31/10/2021"|"313394528"|"2000001090"|"2467806190"|"1035827"|"Toll Italy"|"Toll ASPI"|"IT"|"2021-0000000000303717"|"11293902.56"|"70.33"|"138.69"
"31/10/2021"|"313394528"|"2000001090"|"2467806190"|"1035827"|"Toll Italy"|"Toll BRENNERO"|"IT"|"2021-0000000000305428"|"11293902.56"|"68.36"|"138.69"
"31/10/2021"|"313394528"|"2000001090"|"2490683772"|"1037541"|"Toll Italy"|"Toll ASPI"|"IT"|"2021-0000000000303813"|"11293902.56"|"62.05"|"79.59"
"31/10/2021"|"313394528"|"2000001090"|"2490683772"|"1037541"|"Toll Italy"|"Toll BREBEMI"|"IT"|"2021-0000000000303814"|"11293902.56"|"17.54"|"79.59"
"31/10/2021"|"313446559"|"2000002209"|"2473526641"|"1036229"|"Toll Italy"|"Toll ASPI"|"IT"|"2021-0000000000000775"|"3229678.49"|"38.44"|"241.96"
"31/10/2021"|"313446559"|"2000002209"|"2473526641"|"1036229"|"Toll Italy"|"Toll ASPI"|"IT"|"2021-0000000000000776"|"3229678.49"|"127.13"|"241.96"
"31/10/2021"|"313446559"|"2000002209"|"2473526641"|"1036229"|"Toll Italy"|"Toll ASPI"|"IT"|"2021-0000000000000859"|"3229678.49"|"27.21"|"241.96"
"31/10/2021"|"313446559"|"2000002209"|"2473526641"|"1036229"|"Toll Italy"|"Toll ASPI"|"IT"|"2021-0000000000001086"|"3229678.49"|"24.59"|"241.96"
"31/10/2021"|"313446559"|"2000002209"|"2473526641"|"1036229"|"Toll Italy"|"Toll ASPI"|"IT"|"2021-0000000000001146"|"3229678.49"|"24.59"|"241.96"
"31/10/2021"|"313394528"|"2000001090"|"2480354957"|"1036694"|"Toll Italy"|"Toll ASPI"|"IT"|"2021-0000000000316163"|"11293902.56"|"20.33"|"94.59"
"31/10/2021"|"313394528"|"2000001090"|"2480354957"|"1036694"|"Toll Italy"|"Toll BRENNERO"|"IT"|"2021-0000000000316164"|"11293902.56"|"30.9"|"94.59"
"31/10/2021"|"313394528"|"2000001090"|"2480354957"|"1036694"|"Toll Italy"|"Toll BRENNERO"|"IT"|"2021-0000000000316165"|"11293902.56"|"30.9"|"94.59"
"31/10/2021"|"313394528"|"2000001090"|"2480354957"|"1036694"|"Toll Italy"|"Toll SATAP"|"IT"|"2021-0000000000316166"|"11293902.56"|"12.46"|"94.59"
"31/10/2021"|"313446559"|"2000002209"|"2491452352"|"1037584"|"Toll Italy"|"Toll ASPI"|"IT"|"2021-0000000000000673"|"3229678.49"|"6.31"|"266.97"
"31/10/2021"|"313446559"|"2000002209"|"2491452352"|"1037584"|"Toll Italy"|"Toll ASPI"|"IT"|"2021-0000000000000721"|"3229678.49"|"6.31"|"266.97"
"31/10/2021"|"313446559"|"2000002209"|"2491452352"|"1037584"|"Toll Italy"|"Toll ASPI"|"IT"|"2021-0000000000000769"|"3229678.49"|"13.03"|"266.97"
"31/10/2021"|"313446559"|"2000002209"|"2491452352"|"1037584"|"Toll Italy"|"Toll ASPI"|"IT"|"2021-0000000000000891"|"3229678.49"|"51.07"|"266.97"
"31/10/2021"|"313446559"|"2000002209"|"2491452352"|"1037584"|"Toll Italy"|"Toll ASPI"|"IT"|"2021-0000000000001013"|"3229678.49"|"61.64"|"266.97"
"31/10/2021"|"313446559"|"2000002209"|"2491452352"|"1037584"|"Toll Italy"|"Toll ASPI"|"IT"|"2021-0000000000001222"|"3229678.49"|"6.31"|"266.97"
"31/10/2021"|"313446559"|"2000002209"|"2491452352"|"1037584"|"Toll Italy"|"Toll ADF"|"IT"|"2021-0000000000001223"|"3229678.49"|"122.3"|"266.97"
"31/10/2021"|"313394528"|"2000001090"|"2536503585"|"1040074"|"Toll Italy"|"Toll BRENNERO"|"IT"|"2021-0000000000320376"|"11293902.56"|"32.95"|"83.44"
"31/10/2021"|"313394528"|"2000001090"|"2536503585"|"1040074"|"Toll Italy"|"Toll ASPI"|"IT"|"2021-0000000000321946"|"11293902.56"|"50.49"|"83.44"
"31/10/2021"|"313447368"|"2000003572"|"2501803074"|"1038376"|"Toll Italy"|"Toll ASPI"|"IT"|"2021-0000000000011291"|"6155.72"|"70.25"|"929.92"
"31/10/2021"|"313447368"|"2000003572"|"2501803074"|"1038376"|"Toll Italy"|"Toll SAV"|"IT"|"2021-0000000000011292"|"6155.72"|"82.21"|"929.92"
"31/10/2021"|"313447368"|"2000003572"|"2501803074"|"1038376"|"Toll Italy"|"Toll SALT"|"IT"|"2021-0000000000011656"|"6155.72"|"39.84"|"929.92"
"31/10/2021"|"313447368"|"2000003572"|"2501803074"|"1038376"|"Toll Italy"|"Toll ADF"|"IT"|"2021-0000000000011657"|"6155.72"|"21.56"|"929.92"
"31/10/2021"|"313447368"|"2000003572"|"2501803074"|"1038376"|"Toll Italy"|"Toll ATIVA"|"IT"|"2021-0000000000011658"|"6155.72"|"8.61"|"929.92"
"31/10/2021"|"313447368"|"2000003572"|"2501803074"|"1038376"|"Toll Italy"|"Toll SITAF"|"IT"|"2021-0000000000011659"|"6155.72"|"59.67"|"929.92"
"31/10/2021"|"313446559"|"2000002209"|"2473628036"|"1036243"|"Toll Italy"|"Toll ASPI"|"IT"|"2021-0000000000000696"|"3229678.49"|"74.18"|"148.36"
"31/10/2021"|"313446559"|"2000002209"|"2473628036"|"1036243"|"Toll Italy"|"Toll ASPI"|"IT"|"2021-0000000000001067"|"3229678.49"|"9.34"|"148.36"
"31/10/2021"|"313446559"|"2000002209"|"2473628036"|"1036243"|"Toll Italy"|"Toll ASPI"|"IT"|"2021-0000000000001131"|"3229678.49"|"64.84"|"148.36"
"31/10/2021"|"313446559"|"2000002209"|"2473647896"|"1036247"|"Toll Italy"|"Toll ASPI"|"IT"|"2021-0000000000000646"|"3229678.49"|"27.21"|"141.63"
"31/10/2021"|"313446559"|"2000002209"|"2473647896"|"1036247"|"Toll Italy"|"Toll ASPI"|"IT"|"2021-0000000000000987"|"3229678.49"|"57.21"|"141.63"
"31/10/2021"|"313446559"|"2000002209"|"2473647896"|"1036247"|"Toll Italy"|"Toll ASPI"|"IT"|"2021-0000000000001130"|"3229678.49"|"30"|"141.63"
"31/10/2021"|"313446559"|"2000002209"|"2473647896"|"1036247"|"Toll Italy"|"Toll ASPI"|"IT"|"2021-0000000000001200"|"3229678.49"|"27.21"|"141.63"
"31/10/2021"|"313446559"|"2000002209"|"2492523175"|"1037696"|"Toll Italy"|"Toll AV VENETE"|"IT"|"2021-0000000000000674"|"3229678.49"|"16.89"|"16.89"
"31/10/2021"|"313447368"|"2000003572"|"2501803074"|"1038376"|"Toll Italy"|"Toll ASPI"|"IT"|"2021-0000000000012073"|"6155.72"|"7.05"|"929.92"
"31/10/2021"|"313447368"|"2000003572"|"2501803074"|"1038376"|"Toll Italy"|"Toll BRENNERO"|"IT"|"2021-0000000000012074"|"6155.72"|"7.62"|"929.92"
"31/10/2021"|"313447368"|"2000003572"|"2501803074"|"1038376"|"Toll Italy"|"Toll SATAP"|"IT"|"2021-0000000000012075"|"6155.72"|"64.67"|"929.92"
"31/10/2021"|"313447368"|"2000003572"|"2501803074"|"1038376"|"Toll Italy"|"Toll AV PADANA"|"IT"|"2021-0000000000012076"|"6155.72"|"32.7"|"929.92"
"31/10/2021"|"313447368"|"2000003572"|"2501803074"|"1038376"|"Toll Italy"|"Toll SALT"|"IT"|"2021-0000000000012077"|"6155.72"|"26.07"|"929.92"
"31/10/2021"|"313447368"|"2000003572"|"2501803074"|"1038376"|"Toll Italy"|"Toll ATCN"|"IT"|"2021-0000000000012078"|"6155.72"|"8.03"|"929.92"
"31/10/2021"|"313447368"|"2000003572"|"2501803074"|"1038376"|"Toll Italy"|"Toll ADF"|"IT"|"2021-0000000000012079"|"6155.72"|"22.21"|"929.92"
"31/10/2021"|"313447368"|"2000003572"|"2501803074"|"1038376"|"Toll Italy"|"Toll ATIVA"|"IT"|"2021-0000000000012080"|"6155.72"|"4.02"|"929.92"
"31/10/2021"|"313447368"|"2000003572"|"2501803074"|"1038376"|"Toll Italy"|"Toll SITAF"|"IT"|"2021-0000000000012081"|"6155.72"|"12.62"|"929.92"
"31/10/2021"|"313447368"|"2000003572"|"2501803074"|"1038376"|"Toll Italy"|"Toll ASPI"|"IT"|"2021-0000000000012200"|"6155.72"|"28.44"|"929.92"
"31/10/2021"|"313447368"|"2000003572"|"2501803074"|"1038376"|"Toll Italy"|"Toll SAV"|"IT"|"2021-0000000000012201"|"6155.72"|"79.59"|"929.92"
"31/10/2021"|"313447368"|"2000003572"|"2501803074"|"1038376"|"Toll Italy"|"Toll SITAF"|"IT"|"2021-0000000000012202"|"6155.72"|"17.21"|"929.92"
"31/10/2021"|"313447368"|"2000003572"|"2501803074"|"1038376"|"Toll Italy"|"Toll CAV"|"IT"|"2021-0000000000012203"|"6155.72"|"4.51"|"929.92"
"31/10/2021"|"313447368"|"2000003572"|"2501803074"|"1038376"|"Toll Italy"|"Toll ATIVA"|"IT"|"2021-0000000000012673"|"6155.72"|"6.31"|"929.92"
"31/10/2021"|"313447368"|"2000003572"|"2501803074"|"1038376"|"Toll Italy"|"Toll SITAF"|"IT"|"2021-0000000000012674"|"6155.72"|"29.84"|"929.92"
"31/10/2021"|"313447368"|"2000003572"|"2501803074"|"1038376"|"Toll Italy"|"Toll ASPI"|"IT"|"2021-0000000000012950"|"6155.72"|"7.05"|"929.92"
"31/10/2021"|"313447368"|"2000003572"|"2501803074"|"1038376"|"Toll Italy"|"Toll SALT"|"IT"|"2021-0000000000012951"|"6155.72"|"63.11"|"929.92"
"31/10/2021"|"313447368"|"2000003572"|"2501803074"|"1038376"|"Toll Italy"|"Toll ATCN"|"IT"|"2021-0000000000012952"|"6155.72"|"48.85"|"929.92"
"31/10/2021"|"313447368"|"2000003572"|"2501803074"|"1038376"|"Toll Italy"|"Toll SATAP"|"IT"|"2021-0000000000013207"|"6155.72"|"16.89"|"929.92"
"31/10/2021"|"313447368"|"2000003572"|"2501803074"|"1038376"|"Toll Italy"|"Toll ATCN"|"IT"|"2021-0000000000013208"|"6155.72"|"21.64"|"929.92"
"31/10/2021"|"313447368"|"2000003572"|"2501803074"|"1038376"|"Toll Italy"|"Toll ATCN"|"IT"|"2021-0000000000013209"|"6155.72"|"20"|"929.92"
"31/10/2021"|"313447368"|"2000003572"|"2501803074"|"1038376"|"Toll Italy"|"Toll ADF"|"IT"|"2021-0000000000013210"|"6155.72"|"8.93"|"929.92"
"31/10/2021"|"313447368"|"2000003572"|"2501803074"|"1038376"|"Toll Italy"|"Toll ATIVA"|"IT"|"2021-0000000000013211"|"6155.72"|"4.02"|"929.92"
"31/10/2021"|"313447368"|"2000003572"|"2501803074"|"1038376"|"Toll Italy"|"Toll SITAF"|"IT"|"2021-0000000000013212"|"6155.72"|"59.67"|"929.92"
"31/10/2021"|"313447368"|"2000003572"|"2501803074"|"1038376"|"Toll Italy"|"Toll SATAP"|"IT"|"2021-0000000000013457"|"6155.72"|"16.89"|"929.92"
"31/10/2021"|"313447368"|"2000003572"|"2501803074"|"1038376"|"Toll Italy"|"Toll SITAF"|"IT"|"2021-0000000000013458"|"6155.72"|"29.84"|"929.92"
"31/10/2021"|"313446559"|"2000002209"|"2470026553"|"1036037"|"Toll Italy"|"Toll ASPI"|"IT"|"2021-0000000000000982"|"3229678.49"|"58.93"|"120.97"
"31/10/2021"|"313446559"|"2000002209"|"2470026553"|"1036037"|"Toll Italy"|"Toll SATAP"|"IT"|"2021-0000000000000983"|"3229678.49"|"3.11"|"120.97"
"31/10/2021"|"313446559"|"2000002209"|"2470026553"|"1036037"|"Toll Italy"|"Toll AV VENETE"|"IT"|"2021-0000000000000984"|"3229678.49"|"58.93"|"120.97"
"31/10/2021"|"313446559"|"2000002209"|"2474290574"|"1036328"|"Toll Italy"|"Toll AV VENETE"|"IT"|"2021-0000000000000886"|"3229678.49"|"4.92"|"156.31"
"31/10/2021"|"313446559"|"2000002209"|"2474290574"|"1036328"|"Toll Italy"|"Toll ASPI"|"IT"|"2021-0000000000000989"|"3229678.49"|"62.79"|"156.31"
"31/10/2021"|"313446559"|"2000002209"|"2474290574"|"1036328"|"Toll Italy"|"Toll SATAP"|"IT"|"2021-0000000000000990"|"3229678.49"|"12.62"|"156.31"
"31/10/2021"|"313446559"|"2000002209"|"2474290574"|"1036328"|"Toll Italy"|"Toll ATCN"|"IT"|"2021-0000000000000991"|"3229678.49"|"4.34"|"156.31"
"31/10/2021"|"313446559"|"2000002209"|"2474290574"|"1036328"|"Toll Italy"|"Toll SAV"|"IT"|"2021-0000000000000992"|"3229678.49"|"71.64"|"156.31"
"31/10/2021"|"313446559"|"2000002209"|"2506221237"|"1038509"|"Toll Italy"|"Toll ASPI"|"IT"|"2021-0000000000000683"|"3229678.49"|"75.41"|"467.87"
"31/10/2021"|"313446559"|"2000002209"|"2506221237"|"1038509"|"Toll Italy"|"Toll ASPI"|"IT"|"2021-0000000000000733"|"3229678.49"|"103.44"|"467.87"
"31/10/2021"|"313446559"|"2000002209"|"2506221237"|"1038509"|"Toll Italy"|"Toll ASPI"|"IT"|"2021-0000000000000734"|"3229678.49"|"39.1"|"467.87"
"31/10/2021"|"313446559"|"2000002209"|"2506221237"|"1038509"|"Toll Italy"|"Toll BRENNERO"|"IT"|"2021-0000000000000735"|"3229678.49"|"95.82"|"467.87"
"31/10/2021"|"313446559"|"2000002209"|"2506221237"|"1038509"|"Toll Italy"|"Toll SATAP"|"IT"|"2021-0000000000001023"|"3229678.49"|"74.43"|"467.87"
"31/10/2021"|"313446559"|"2000002209"|"2506221237"|"1038509"|"Toll Italy"|"Toll ASPI"|"IT"|"2021-0000000000001092"|"3229678.49"|"79.67"|"467.87"
"31/10/2021"|"313446559"|"2000002209"|"2480918643"|"1036739"|"Toll Italy"|"Toll ASPI"|"IT"|"2021-0000000000000993"|"3229678.49"|"69.1"|"179.43"
"31/10/2021"|"313446559"|"2000002209"|"2480918643"|"1036739"|"Toll Italy"|"Toll ASPI"|"IT"|"2021-0000000000000994"|"3229678.49"|"23.77"|"179.43"
"31/10/2021"|"313446559"|"2000002209"|"2480918643"|"1036739"|"Toll Italy"|"Toll ASPI"|"IT"|"2021-0000000000001073"|"3229678.49"|"86.56"|"179.43"
"31/10/2021"|"313394528"|"2000001090"|"2464951759"|"1035650"|"Toll Italy"|"Toll BRENNERO"|"IT"|"2021-0000000000305387"|"11293902.56"|"32.95"|"160.74"
"31/10/2021"|"313394528"|"2000001090"|"2464951759"|"1035650"|"Toll Italy"|"Toll ASPI"|"IT"|"2021-0000000000307402"|"11293902.56"|"23.61"|"160.74"
"31/10/2021"|"313394528"|"2000001090"|"2464951759"|"1035650"|"Toll Italy"|"Toll BRENNERO"|"IT"|"2021-0000000000307403"|"11293902.56"|"32.95"|"160.74"
"31/10/2021"|"313394528"|"2000001090"|"2464951759"|"1035650"|"Toll Italy"|"Toll ASPI"|"IT"|"2021-0000000000312606"|"11293902.56"|"5.33"|"160.74"
"31/10/2021"|"313394528"|"2000001090"|"2464951759"|"1035650"|"Toll Italy"|"Toll BRENNERO"|"IT"|"2021-0000000000312607"|"11293902.56"|"32.95"|"160.74"
"31/10/2021"|"313394528"|"2000001090"|"2464951759"|"1035650"|"Toll Italy"|"Toll BRENNERO"|"IT"|"2021-0000000000316080"|"11293902.56"|"32.95"|"160.74"
"31/10/2021"|"313446559"|"2000002209"|"2494534838"|"1037864"|"Toll Italy"|"Toll ASPI"|"IT"|"2021-0000000000001054"|"3229678.49"|"19.84"|"362.53"
"31/10/2021"|"313394528"|"2000001090"|"2508451935"|"1038605"|"Toll Italy"|"Toll ASPI"|"IT"|"2021-0000000000316361"|"11293902.56"|"75.66"|"238.11"
"31/10/2021"|"313394528"|"2000001090"|"2508451935"|"1038605"|"Toll Italy"|"Toll ASPI"|"IT"|"2021-0000000000316362"|"11293902.56"|"110.82"|"238.11"
"31/10/2021"|"313394528"|"2000001090"|"2508451935"|"1038605"|"Toll Italy"|"Toll ASPI"|"IT"|"2021-0000000000316363"|"11293902.56"|"8.93"|"238.11"
"31/10/2021"|"313394528"|"2000001090"|"2508451935"|"1038605"|"Toll Italy"|"Toll AV VENETE"|"IT"|"2021-0000000000316367"|"11293902.56"|"20.57"|"238.11"
"31/10/2021"|"313394528"|"2000001090"|"2508451935"|"1038605"|"Toll Italy"|"Toll AV VENETE"|"IT"|"2021-0000000000316368"|"11293902.56"|"22.13"|"238.11"
"31/10/2021"|"313447368"|"2000003572"|"2508913432"|"1038645"|"Toll Italy"|"Toll ASPI"|"IT"|"2021-0000000000011293"|"6155.72"|"14.34"|"134.17"
"31/10/2021"|"313446559"|"2000002209"|"2494534838"|"1037864"|"Toll Italy"|"Toll AV VENETE"|"IT"|"2021-0000000000001055"|"3229678.49"|"22.13"|"362.53"
"31/10/2021"|"313446559"|"2000002209"|"2494534838"|"1037864"|"Toll Italy"|"Toll ASPI"|"IT"|"2021-0000000000001112"|"3229678.49"|"80.49"|"362.53"
"31/10/2021"|"313446559"|"2000002209"|"2494534838"|"1037864"|"Toll Italy"|"Toll SATAP"|"IT"|"2021-0000000000001113"|"3229678.49"|"5.49"|"362.53"
"31/10/2021"|"313446559"|"2000002209"|"2494534838"|"1037864"|"Toll Italy"|"Toll ASPI"|"IT"|"2021-0000000000001176"|"3229678.49"|"43.11"|"362.53"
"31/10/2021"|"313446559"|"2000002209"|"2494534838"|"1037864"|"Toll Italy"|"Toll ATCN"|"IT"|"2021-0000000000001177"|"3229678.49"|"4.34"|"362.53"
"31/10/2021"|"313446559"|"2000002209"|"2494534838"|"1037864"|"Toll Italy"|"Toll AV VENETE"|"IT"|"2021-0000000000001178"|"3229678.49"|"100.16"|"362.53"
"31/10/2021"|"313446559"|"2000002209"|"2494534838"|"1037864"|"Toll Italy"|"Toll PEDEMONTAN"|"IT"|"2021-0000000000001179"|"3229678.49"|"2.3"|"362.53"
"31/10/2021"|"313446559"|"2000002209"|"2494534838"|"1037864"|"Toll Italy"|"Toll ASPI"|"IT"|"2021-0000000000001264"|"3229678.49"|"35.9"|"362.53"
"31/10/2021"|"313446559"|"2000002209"|"2494534838"|"1037864"|"Toll Italy"|"Toll AV VENETE"|"IT"|"2021-0000000000001265"|"3229678.49"|"48.77"|"362.53"
"31/10/2021"|"313447368"|"2000003572"|"2508913432"|"1038645"|"Toll Italy"|"Toll ATCN"|"IT"|"2021-0000000000011294"|"6155.72"|"6.39"|"134.17"
"31/10/2021"|"313447368"|"2000003572"|"2508913432"|"1038645"|"Toll Italy"|"Toll ASPI"|"IT"|"2021-0000000000012953"|"6155.72"|"4.51"|"134.17"
"31/10/2021"|"313447368"|"2000003572"|"2508913432"|"1038645"|"Toll Italy"|"Toll ATCN"|"IT"|"2021-0000000000012954"|"6155.72"|"6.39"|"134.17"
"31/10/2021"|"313447368"|"2000003572"|"2508913432"|"1038645"|"Toll Italy"|"Toll ASPI"|"IT"|"2021-0000000000013213"|"6155.72"|"91.64"|"134.17"
"31/10/2021"|"313447368"|"2000003572"|"2508913432"|"1038645"|"Toll Italy"|"Toll ATCN"|"IT"|"2021-0000000000013214"|"6155.72"|"6.39"|"134.17"
"31/10/2021"|"313447368"|"2000003572"|"2508913432"|"1038645"|"Toll Italy"|"Toll ASPI"|"IT"|"2021-0000000000013459"|"6155.72"|"4.51"|"134.17"
"31/10/2021"|"313446559"|"2000002209"|"2510036503"|"1038691"|"Toll Italy"|"Toll ASPI"|"IT"|"2021-0000000000000682"|"3229678.49"|"36.23"|"209.1"
"31/10/2021"|"313446559"|"2000002209"|"2510036503"|"1038691"|"Toll Italy"|"Toll ASPI"|"IT"|"2021-0000000000000731"|"3229678.49"|"41.8"|"209.1"
"31/10/2021"|"313446559"|"2000002209"|"2510036503"|"1038691"|"Toll Italy"|"Toll BRENNERO"|"IT"|"2021-0000000000000732"|"3229678.49"|"95.82"|"209.1"
"31/10/2021"|"313446559"|"2000002209"|"2510036503"|"1038691"|"Toll Italy"|"Toll ASPI"|"IT"|"2021-0000000000001022"|"3229678.49"|"8.36"|"209.1"
"31/10/2021"|"313446559"|"2000002209"|"2510036503"|"1038691"|"Toll Italy"|"Toll ASPI"|"IT"|"2021-0000000000001091"|"3229678.49"|"26.89"|"209.1"
"31/10/2021"|"313394528"|"2000001090"|"2472033224"|"1036155"|"Toll Italy"|"Toll ASPI"|"IT"|"2021-0000000000303734"|"11293902.56"|"62.05"|"700.89"
"31/10/2021"|"313446559"|"2000002209"|"2494863167"|"1037896"|"Toll Italy"|"Toll AV VENETE"|"IT"|"2021-0000000000000675"|"3229678.49"|"16.89"|"168.93"
"31/10/2021"|"313446559"|"2000002209"|"2494863167"|"1037896"|"Toll Italy"|"Toll ASPI"|"IT"|"2021-0000000000001014"|"3229678.49"|"55.9"|"168.93"
"31/10/2021"|"313446559"|"2000002209"|"2494863167"|"1037896"|"Toll Italy"|"Toll SATAP"|"IT"|"2021-0000000000001015"|"3229678.49"|"12.62"|"168.93"
"31/10/2021"|"313446559"|"2000002209"|"2494863167"|"1037896"|"Toll Italy"|"Toll AV VENETE"|"IT"|"2021-0000000000001016"|"3229678.49"|"3.44"|"168.93"
"31/10/2021"|"313446559"|"2000002209"|"2494863167"|"1037896"|"Toll Italy"|"Toll SATAP"|"IT"|"2021-0000000000001142"|"3229678.49"|"11.39"|"168.93"
"31/10/2021"|"313446559"|"2000002209"|"2494863167"|"1037896"|"Toll Italy"|"Toll AV VENETE"|"IT"|"2021-0000000000001143"|"3229678.49"|"63.77"|"168.93"
"31/10/2021"|"313446559"|"2000002209"|"2494863167"|"1037896"|"Toll Italy"|"Toll AV VENETE"|"IT"|"2021-0000000000001225"|"3229678.49"|"4.92"|"168.93"
"31/10/2021"|"313446559"|"2000002209"|"2494898080"|"1037900"|"Toll Italy"|"Toll ASPI"|"IT"|"2021-0000000000000773"|"3229678.49"|"20.82"|"139.99"
"31/10/2021"|"313395005"|"2000001229"|"2514310558"|"1038928"|"Toll Italy"|"Toll BRENNERO"|"IT"|"2021-0000000000169430"|"113108.75"|"21.97"|"21.97"
"31/10/2021"|"313446559"|"2000002209"|"2514419682"|"1038947"|"Toll Italy"|"Toll BREBEMI"|"IT"|"2021-0000000000000785"|"3229678.49"|"2.62"|"190.98"
"31/10/2021"|"313446559"|"2000002209"|"2514419682"|"1038947"|"Toll Italy"|"Toll TZ ESTERNA"|"IT"|"2021-0000000000000786"|"3229678.49"|"26.23"|"190.98"
"31/10/2021"|"313394528"|"2000001090"|"2457729947"|"1035372"|"Toll Italy"|"Toll BREBEMI"|"IT"|"2021-0000000000305395"|"11293902.56"|"62.05"|"170.08"
"31/10/2021"|"313394528"|"2000001090"|"2457729947"|"1035372"|"Toll Italy"|"Toll TZ ESTERNA"|"IT"|"2021-0000000000305396"|"11293902.56"|"29.34"|"170.08"
"31/10/2021"|"313394528"|"2000001090"|"2457729947"|"1035372"|"Toll Italy"|"Toll ASPI"|"IT"|"2021-0000000000307416"|"11293902.56"|"78.69"|"170.08"
"31/10/2021"|"313394528"|"2000001090"|"2472033224"|"1036155"|"Toll Italy"|"Toll BREBEMI"|"IT"|"2021-0000000000303752"|"11293902.56"|"17.54"|"700.89"
"31/10/2021"|"313394528"|"2000001090"|"2472033224"|"1036155"|"Toll Italy"|"Toll ASPI"|"IT"|"2021-0000000000307462"|"11293902.56"|"57.54"|"700.89"
"31/10/2021"|"313394528"|"2000001090"|"2472033224"|"1036155"|"Toll Italy"|"Toll BRENNERO"|"IT"|"2021-0000000000307463"|"11293902.56"|"92.7"|"700.89"
"31/10/2021"|"313394528"|"2000001090"|"2472033224"|"1036155"|"Toll Italy"|"Toll SATAP"|"IT"|"2021-0000000000307464"|"11293902.56"|"98.85"|"700.89"
"31/10/2021"|"313394528"|"2000001090"|"2472033224"|"1036155"|"Toll Italy"|"Toll ASPI"|"IT"|"2021-0000000000311205"|"11293902.56"|"62.05"|"700.89"
"31/10/2021"|"313394528"|"2000001090"|"2472033224"|"1036155"|"Toll Italy"|"Toll SATAP"|"IT"|"2021-0000000000311206"|"11293902.56"|"68.52"|"700.89"
"31/10/2021"|"313394528"|"2000001090"|"2472033224"|"1036155"|"Toll Italy"|"Toll BREBEMI"|"IT"|"2021-0000000000311235"|"11293902.56"|"48.36"|"700.89"
"31/10/2021"|"313394528"|"2000001090"|"2472033224"|"1036155"|"Toll Italy"|"Toll ASPI"|"IT"|"2021-0000000000312656"|"11293902.56"|"110.41"|"700.89"
"31/10/2021"|"313394528"|"2000001090"|"2472033224"|"1036155"|"Toll Italy"|"Toll SATAP"|"IT"|"2021-0000000000312657"|"11293902.56"|"35.57"|"700.89"
"31/10/2021"|"313394528"|"2000001090"|"2472033224"|"1036155"|"Toll Italy"|"Toll ATIVA"|"IT"|"2021-0000000000312658"|"11293902.56"|"3.2"|"700.89"
"31/10/2021"|"313394528"|"2000001090"|"2472033224"|"1036155"|"Toll Italy"|"Toll CAV"|"IT"|"2021-0000000000312677"|"11293902.56"|"26.56"|"700.89"
"31/10/2021"|"313394528"|"2000001090"|"2472033224"|"1036155"|"Toll Italy"|"Toll BREBEMI"|"IT"|"2021-0000000000312678"|"11293902.56"|"17.54"|"700.89"
"31/10/2021"|"313446559"|"2000002209"|"2484538420"|"1037024"|"Toll Italy"|"Toll ASPI"|"IT"|"2021-0000000000000715"|"3229678.49"|"8.03"|"8.03"
"31/10/2021"|"313446559"|"2000002209"|"2485013824"|"1037100"|"Toll Italy"|"Toll ASPI"|"IT"|"2021-0000000000001009"|"3229678.49"|"15.82"|"159.76"
"31/10/2021"|"313446559"|"2000002209"|"2485013824"|"1037100"|"Toll Italy"|"Toll ASPI"|"IT"|"2021-0000000000001010"|"3229678.49"|"61.15"|"159.76"
"31/10/2021"|"313446559"|"2000002209"|"2485013824"|"1037100"|"Toll Italy"|"Toll AV VENETE"|"IT"|"2021-0000000000001033"|"3229678.49"|"60.66"|"159.76"
"31/10/2021"|"313446559"|"2000002209"|"2485013824"|"1037100"|"Toll Italy"|"Toll AV VENETE"|"IT"|"2021-0000000000001034"|"3229678.49"|"22.13"|"159.76"
"31/10/2021"|"313446559"|"2000002209"|"2494898080"|"1037900"|"Toll Italy"|"Toll ASPI"|"IT"|"2021-0000000000000774"|"3229678.49"|"32.54"|"139.99"
"31/10/2021"|"313446559"|"2000002209"|"2494898080"|"1037900"|"Toll Italy"|"Toll ASPI"|"IT"|"2021-0000000000000858"|"3229678.49"|"52.21"|"139.99"
"31/10/2021"|"313446559"|"2000002209"|"2494898080"|"1037900"|"Toll Italy"|"Toll ASPI"|"IT"|"2021-0000000000000892"|"3229678.49"|"4.75"|"139.99"
"31/10/2021"|"313446559"|"2000002209"|"2494898080"|"1037900"|"Toll Italy"|"Toll ASPI"|"IT"|"2021-0000000000001227"|"3229678.49"|"29.67"|"139.99"
"31/10/2021"|"313446559"|"2000002209"|"2494898752"|"1037901"|"Toll Italy"|"Toll ASPI"|"IT"|"2021-0000000000000853"|"3229678.49"|"34.51"|"277.55"
"31/10/2021"|"313446559"|"2000002209"|"2494898752"|"1037901"|"Toll Italy"|"Toll ASPI"|"IT"|"2021-0000000000000890"|"3229678.49"|"12.38"|"277.55"
"31/10/2021"|"313446559"|"2000002209"|"2494898752"|"1037901"|"Toll Italy"|"Toll ASPI"|"IT"|"2021-0000000000001011"|"3229678.49"|"46.15"|"277.55"
"31/10/2021"|"313446559"|"2000002209"|"2494898752"|"1037901"|"Toll Italy"|"Toll ASPI"|"IT"|"2021-0000000000001220"|"3229678.49"|"184.51"|"277.55"
"31/10/2021"|"313446559"|"2000002209"|"2514419682"|"1038947"|"Toll Italy"|"Toll ASPI"|"IT"|"2021-0000000000000871"|"3229678.49"|"10.49"|"190.98"
"31/10/2021"|"313446559"|"2000002209"|"2514419682"|"1038947"|"Toll Italy"|"Toll SATAP"|"IT"|"2021-0000000000000872"|"3229678.49"|"59.92"|"190.98"
"31/10/2021"|"313446559"|"2000002209"|"2514419682"|"1038947"|"Toll Italy"|"Toll ATCN"|"IT"|"2021-0000000000000873"|"3229678.49"|"4.34"|"190.98"
"31/10/2021"|"313446559"|"2000002209"|"2514419682"|"1038947"|"Toll Italy"|"Toll ASPI"|"IT"|"2021-0000000000000899"|"3229678.49"|"8.61"|"190.98"
"31/10/2021"|"313446559"|"2000002209"|"2514419682"|"1038947"|"Toll Italy"|"Toll SATAP"|"IT"|"2021-0000000000000900"|"3229678.49"|"5.49"|"190.98"
"31/10/2021"|"313446559"|"2000002209"|"2514419682"|"1038947"|"Toll Italy"|"Toll ATCN"|"IT"|"2021-0000000000000901"|"3229678.49"|"6.39"|"190.98"
"31/10/2021"|"313446559"|"2000002209"|"2514419682"|"1038947"|"Toll Italy"|"Toll PEDEMONTAN"|"IT"|"2021-0000000000000902"|"3229678.49"|"1.81"|"190.98"
"31/10/2021"|"313446559"|"2000002209"|"2514419682"|"1038947"|"Toll Italy"|"Toll ASPI"|"IT"|"2021-0000000000001028"|"3229678.49"|"2.3"|"190.98"
"31/10/2021"|"313446559"|"2000002209"|"2514419682"|"1038947"|"Toll Italy"|"Toll AV VENETE"|"IT"|"2021-0000000000001029"|"3229678.49"|"23.11"|"190.98"
"31/10/2021"|"313446559"|"2000002209"|"2514419682"|"1038947"|"Toll Italy"|"Toll AV VENETE"|"IT"|"2021-0000000000001030"|"3229678.49"|"4.92"|"190.98"
"31/10/2021"|"313446559"|"2000002209"|"2514419682"|"1038947"|"Toll Italy"|"Toll AV VENETE"|"IT"|"2021-0000000000001094"|"3229678.49"|"1.56"|"190.98"
"31/10/2021"|"313446559"|"2000002209"|"2514419682"|"1038947"|"Toll Italy"|"Toll ASPI"|"IT"|"2021-0000000000001157"|"3229678.49"|"17.05"|"190.98"
"31/10/2021"|"313446559"|"2000002209"|"2514419682"|"1038947"|"Toll Italy"|"Toll SATAP"|"IT"|"2021-0000000000001158"|"3229678.49"|"5.49"|"190.98"
"31/10/2021"|"313446559"|"2000002209"|"2514419682"|"1038947"|"Toll Italy"|"Toll ASPI"|"IT"|"2021-0000000000001243"|"3229678.49"|"5.16"|"190.98"
"31/10/2021"|"313446559"|"2000002209"|"2514419682"|"1038947"|"Toll Italy"|"Toll SATAP"|"IT"|"2021-0000000000001244"|"3229678.49"|"5.49"|"190.98"
"31/10/2021"|"313394528"|"2000001090"|"2457824677"|"1035376"|"Toll Italy"|"Toll STR PARCHI"|"IT"|"2021-0000000000303728"|"11293902.56"|"4.26"|"515.39"
"31/10/2021"|"313394528"|"2000001090"|"2457824677"|"1035376"|"Toll Italy"|"Toll AV VENETE"|"IT"|"2021-0000000000303729"|"11293902.56"|"41.15"|"515.39"
"31/10/2021"|"313394528"|"2000001090"|"2457824677"|"1035376"|"Toll Italy"|"Toll ASPI"|"IT"|"2021-0000000000305431"|"11293902.56"|"24.67"|"515.39"
"31/10/2021"|"313394528"|"2000001090"|"2457824677"|"1035376"|"Toll Italy"|"Toll STR PARCHI"|"IT"|"2021-0000000000305432"|"11293902.56"|"4.26"|"515.39"
"31/10/2021"|"313394528"|"2000001090"|"2457824677"|"1035376"|"Toll Italy"|"Toll ASPI"|"IT"|"2021-0000000000307449"|"11293902.56"|"11.64"|"515.39"
"31/10/2021"|"313394528"|"2000001090"|"2457824677"|"1035376"|"Toll Italy"|"Toll AV VENETE"|"IT"|"2021-0000000000307450"|"11293902.56"|"20.57"|"515.39"
"31/10/2021"|"313394528"|"2000001090"|"2457824677"|"1035376"|"Toll Italy"|"Toll ASPI"|"IT"|"2021-0000000000316150"|"11293902.56"|"46.97"|"515.39"
"31/10/2021"|"313394528"|"2000001090"|"2457824677"|"1035376"|"Toll Italy"|"Toll ASPI"|"IT"|"2021-0000000000316151"|"11293902.56"|"43.36"|"515.39"
"31/10/2021"|"313394528"|"2000001090"|"2457824677"|"1035376"|"Toll Italy"|"Toll ASPI"|"IT"|"2021-0000000000316152"|"11293902.56"|"37.21"|"515.39"
"31/10/2021"|"313394528"|"2000001090"|"2457824677"|"1035376"|"Toll Italy"|"Toll SAT"|"IT"|"2021-0000000000316153"|"11293902.56"|"1.8"|"515.39"
"31/10/2021"|"313394528"|"2000001090"|"2457824677"|"1035376"|"Toll Italy"|"Toll AV VENETE"|"IT"|"2021-0000000000316154"|"11293902.56"|"20.57"|"515.39"
"31/10/2021"|"313394528"|"2000001090"|"2457824677"|"1035376"|"Toll Italy"|"Toll AV VENETE"|"IT"|"2021-0000000000316155"|"11293902.56"|"20.57"|"515.39"
"31/10/2021"|"313394528"|"2000001090"|"2457824677"|"1035376"|"Toll Italy"|"Toll ASPI"|"IT"|"2021-0000000000318127"|"11293902.56"|"73.44"|"515.39"
"31/10/2021"|"313394528"|"2000001090"|"2457824677"|"1035376"|"Toll Italy"|"Toll SAT"|"IT"|"2021-0000000000318128"|"11293902.56"|"11.31"|"515.39"
"31/10/2021"|"313394528"|"2000001090"|"2457824677"|"1035376"|"Toll Italy"|"Toll ASPI"|"IT"|"2021-0000000000320040"|"11293902.56"|"73.61"|"515.39"
"31/10/2021"|"313394528"|"2000001090"|"2457824677"|"1035376"|"Toll Italy"|"Toll AV VENETE"|"IT"|"2021-0000000000320041"|"11293902.56"|"80"|"515.39"
"31/10/2021"|"313446559"|"2000002209"|"2486931187"|"1037238"|"Toll Italy"|"Toll AV VENETE"|"IT"|"2021-0000000000000665"|"3229678.49"|"60.49"|"406.16"
"31/10/2021"|"313446559"|"2000002209"|"2486931187"|"1037238"|"Toll Italy"|"Toll ASPI"|"IT"|"2021-0000000000000716"|"3229678.49"|"91.07"|"406.16"
"31/10/2021"|"313446559"|"2000002209"|"2486931187"|"1037238"|"Toll Italy"|"Toll SATAP"|"IT"|"2021-0000000000000760"|"3229678.49"|"23.28"|"406.16"
"31/10/2021"|"313446559"|"2000002209"|"2486931187"|"1037238"|"Toll Italy"|"Toll AV VENETE"|"IT"|"2021-0000000000000847"|"3229678.49"|"39.18"|"406.16"
"31/10/2021"|"313446559"|"2000002209"|"2486931187"|"1037238"|"Toll Italy"|"Toll ASPI"|"IT"|"2021-0000000000001004"|"3229678.49"|"47.38"|"406.16"
"31/10/2021"|"313446559"|"2000002209"|"2486931187"|"1037238"|"Toll Italy"|"Toll ASPI"|"IT"|"2021-0000000000001005"|"3229678.49"|"51.64"|"406.16"
"31/10/2021"|"313446559"|"2000002209"|"2486931187"|"1037238"|"Toll Italy"|"Toll ASPI"|"IT"|"2021-0000000000001006"|"3229678.49"|"12.3"|"406.16"
"31/10/2021"|"313446559"|"2000002209"|"2486931187"|"1037238"|"Toll Italy"|"Toll ATCN"|"IT"|"2021-0000000000001007"|"3229678.49"|"5.41"|"406.16"
"31/10/2021"|"313446559"|"2000002209"|"2486931187"|"1037238"|"Toll Italy"|"Toll AV VENETE"|"IT"|"2021-0000000000001008"|"3229678.49"|"51.31"|"406.16"
"31/10/2021"|"313446559"|"2000002209"|"2486931187"|"1037238"|"Toll Italy"|"Toll ASPI"|"IT"|"2021-0000000000001076"|"3229678.49"|"18.36"|"406.16"
"31/10/2021"|"313446559"|"2000002209"|"2486931187"|"1037238"|"Toll Italy"|"Toll BRENNERO"|"IT"|"2021-0000000000001141"|"3229678.49"|"2.87"|"406.16"
"31/10/2021"|"313446559"|"2000002209"|"2486931187"|"1037238"|"Toll Italy"|"Toll BRENNERO"|"IT"|"2021-0000000000001215"|"3229678.49"|"2.87"|"406.16"
"31/10/2021"|"313446559"|"2000002209"|"2515130335"|"1038986"|"Toll Italy"|"Toll SATAP"|"IT"|"2021-0000000000001154"|"3229678.49"|"47.87"|"176.15"
"31/10/2021"|"313446559"|"2000002209"|"2515130335"|"1038986"|"Toll Italy"|"Toll ATCN"|"IT"|"2021-0000000000001155"|"3229678.49"|"13.11"|"176.15"
"31/10/2021"|"313446559"|"2000002209"|"2515130335"|"1038986"|"Toll Italy"|"Toll ATIVA"|"IT"|"2021-0000000000001156"|"3229678.49"|"2.3"|"176.15"
"31/10/2021"|"313446559"|"2000002209"|"2515130335"|"1038986"|"Toll Italy"|"Toll ADF"|"IT"|"2021-0000000000001239"|"3229678.49"|"21.64"|"176.15"
"31/10/2021"|"313446559"|"2000002209"|"2515130335"|"1038986"|"Toll Italy"|"Toll ATIVA"|"IT"|"2021-0000000000001240"|"3229678.49"|"4.02"|"176.15"
"31/10/2021"|"313446559"|"2000002209"|"2515130335"|"1038986"|"Toll Italy"|"Toll AV VENETE"|"IT"|"2021-0000000000001241"|"3229678.49"|"87.21"|"176.15"
"31/10/2021"|"313394528"|"2000001090"|"2353213435"|"1030149"|"Toll Italy"|"Toll ASPI"|"IT"|"2021-0000000000310880"|"11293902.56"|"72.87"|"145.74"
"31/10/2021"|"313394528"|"2000001090"|"2353213435"|"1030149"|"Toll Italy"|"Toll ASPI"|"IT"|"2021-0000000000312396"|"11293902.56"|"72.87"|"145.74"
"31/10/2021"|"313394528"|"2000001090"|"2360660507"|"1030546"|"Toll Italy"|"Toll AV VENETE"|"IT"|"2021-0000000000305150"|"11293902.56"|"35.98"|"128.43"
"31/10/2021"|"313394528"|"2000001090"|"2360660507"|"1030546"|"Toll Italy"|"Toll AV VENETE"|"IT"|"2021-0000000000305151"|"11293902.56"|"12.21"|"128.43"
"31/10/2021"|"313394528"|"2000001090"|"2360660507"|"1030546"|"Toll Italy"|"Toll ASPI"|"IT"|"2021-0000000000307155"|"11293902.56"|"15"|"128.43"
"31/10/2021"|"313394528"|"2000001090"|"2360660507"|"1030546"|"Toll Italy"|"Toll BRENNERO"|"IT"|"2021-0000000000315835"|"11293902.56"|"20.49"|"128.43"
"31/10/2021"|"313394528"|"2000001090"|"2360660507"|"1030546"|"Toll Italy"|"Toll BRENNERO"|"IT"|"2021-0000000000315836"|"11293902.56"|"44.75"|"128.43"
"31/10/2021"|"313394528"|"2000001090"|"2343617080"|"1029588"|"Toll Italy"|"Toll BRENNERO"|"IT"|"2021-0000000000319723"|"11293902.56"|"5.82"|"41.31"
"31/10/2021"|"313394528"|"2000001090"|"2343617080"|"1029588"|"Toll Italy"|"Toll BRENNERO"|"IT"|"2021-0000000000321323"|"11293902.56"|"35.49"|"41.31"
"31/10/2021"|"313394528"|"2000001090"|"2345183801"|"1029699"|"Toll Italy"|"Toll ASPI"|"IT"|"2021-0000000000315794"|"11293902.56"|"12.38"|"74.18"
"31/10/2021"|"313394528"|"2000001090"|"2345183801"|"1029699"|"Toll Italy"|"Toll BRENNERO"|"IT"|"2021-0000000000315795"|"11293902.56"|"61.8"|"74.18"
